address	function	bytes	instruction
ram:00040080	LINEAR_CANDIDATE	0040	mov r0,r8
ram:00040082	LINEAR_CANDIDATE	04260040	addi 0x4000,gp,gp
ram:00040086	LINEAR_CANDIDATE	2506008a0400	mov 0x48a00,tp
ram:0004008c	LINEAR_CANDIDATE	400ebffe	movhi -0x141,r0,r1
ram:00040090	LINEAR_CANDIDATE	010e8c7e	addi 0x7e8c,r1,r1
ram:00040094	LINEAR_CANDIDATE	a205	be 0x00040098
ram:00040096	LINEAR_CANDIDATE	01f0	mov r1,ep
ram:00040098	LINEAR_CANDIDATE	87ffda85	jarl 0x000b8672,lp
ram:0004009c	LINEAR_CANDIDATE	8505	br 0x0004009c
ram:0004009e	LINEAR_CANDIDATE	0000	nop
